element,web_name,team,position,gw_from_fixture,total_points_4gw,minutes_4gw,personas,status,flags,persona_count,starts_last4
1,Raya,ARS,GKP,38,21.0,270.0,The Spectator,Beating his xGC,,1,3
2,Arrizabalaga,ARS,GKP,38,2.0,90.0,None,,Minutes risk,0,1
3,Hein,ARS,GKP,38,0.0,0.0,None,,Minutes risk,0,0
4,Setford,ARS,GKP,38,0.0,0.0,None,,Minutes risk,0,0
5,Gabriel,ARS,DEF,38,24.0,315.0,"The Raider, Aerial Threat",Clean sheets earned,,2,3
6,Saliba,ARS,DEF,38,19.0,270.0,The Supply Line,"Clean sheets earned, One action short",,1,3
7,Calafiori,ARS,DEF,38,16.0,251.0,"The Raider, Aerial Threat",Clean sheets earned,,2,4
8,J.Timber,ARS,DEF,38,0.0,0.0,None,,Minutes risk,0,0
9,Kiwior,ARS,DEF,38,0.0,0.0,None,,Minutes risk,0,0
10,Lewis-Skelly,ARS,DEF,38,15.0,287.0,None,Clean sheets earned,,0,3
11,White,ARS,DEF,38,7.0,109.0,None,,Minutes risk,0,2
12,Zinchenko,NFO,DEF,38,0.0,0.0,None,,Minutes risk,0,0
13,Clarke,ARS,DEF,38,0.0,0.0,None,,Minutes risk,0,0
14,Kacurri,ARS,DEF,38,0.0,0.0,None,,Minutes risk,0,0
15,Nichols,ARS,DEF,38,0.0,0.0,None,,Minutes risk,0,0
16,Saka,ARS,MID,38,23.0,214.0,"Playmaker, Boom or Bust, Set Piece Specialist",,,3,3
17,Ødegaard,ARS,MID,38,7.0,113.0,None,,Minutes risk,0,1
18,Madueke,ARS,MID,38,13.0,138.0,None,,Minutes risk,0,1
19,Martinelli,ARS,MID,38,8.0,91.0,None,,Minutes risk,0,1
20,Trossard,ARS,MID,38,18.0,270.0,"Goal Machine, Poacher, Aerial Threat",,,3,3
21,Rice,ARS,MID,38,13.0,243.0,"Ball Winner, Metronome, Set Piece Specialist, Deep Lying Playmaker",,,4,3
22,Merino,ARS,MID,38,1.0,28.0,None,,Minutes risk,0,0
23,Fábio Vieira,ARS,MID,38,0.0,0.0,None,,Minutes risk,0,0
24,Nørgaard,ARS,MID,38,1.0,45.0,None,,Minutes risk,0,1
25,Nwaneri,ARS,MID,38,0.0,0.0,None,,Minutes risk,0,0
26,Zubimendi,ARS,MID,38,5.0,156.0,None,,Minutes risk,0,1
27,Nelson,BRE,MID,38,1.0,1.0,None,,Minutes risk,0,0
28,Kabia,ARS,MID,38,0.0,0.0,None,,Minutes risk,0,0
29,Sambi,ARS,MID,38,0.0,0.0,None,,Minutes risk,0,0
30,Havertz,ARS,FWD,38,13.0,140.0,None,,Minutes risk,0,1
31,G.Jesus,ARS,FWD,38,6.0,100.0,None,,Minutes risk,0,1
32,Martinez,AVL,GKP,38,10.0,270.0,None,Conceding above xGC,,0,3
33,M.Bizot,AVL,GKP,38,2.0,90.0,None,,Minutes risk,0,1
34,Gauci,AVL,GKP,38,0.0,0.0,None,,Minutes risk,0,0
35,Marschall,AVL,GKP,38,0.0,0.0,None,,Minutes risk,0,0
36,Cash,AVL,DEF,38,7.0,304.0,Set Piece Specialist,One action short,,1,3
37,Digne,AVL,DEF,38,5.0,106.0,None,,Minutes risk,0,1
38,Konsa,AVL,DEF,38,2.0,180.0,None,,Minutes risk,0,2
39,Maatsen,AVL,DEF,38,8.0,258.0,Set Piece Specialist,,,1,3
40,Mings,AVL,DEF,38,5.0,270.0,None,,,0,3
41,Pau,AVL,DEF,38,5.0,107.0,None,,Minutes risk,0,1
42,A.García,AVL,DEF,38,1.0,45.0,None,,Minutes risk,0,1
43,Alex Moreno,AVL,DEF,38,0.0,0.0,None,,Minutes risk,0,0
44,Bogarde,AVL,DEF,38,4.0,172.0,None,,Minutes risk,0,2
45,Sousa,AVL,DEF,38,0.0,0.0,None,,Minutes risk,0,0
46,Yasin,AVL,DEF,38,0.0,0.0,None,,Minutes risk,0,0
47,Rogers,AVL,MID,38,15.0,270.0,"Boom or Bust, Set Piece Specialist, Deep Lying Playmaker",One action short,,3,3
48,Tielemans,AVL,MID,38,9.0,286.0,Metronome,Under-owned,,1,3
49,Bailey,AVL,MID,38,7.0,100.0,None,,Minutes risk,0,1
50,Buendía,AVL,MID,38,15.0,195.0,None,,Minutes risk,0,2
51,Iling Jr,AVL,MID,38,0.0,0.0,None,,Minutes risk,0,0
52,J.Ramsey,NEW,MID,38,18.0,210.0,None,,Minutes risk,0,2
53,Malen,AVL,MID,38,0.0,0.0,None,,Minutes risk,0,0
54,McGinn,AVL,MID,38,12.0,177.0,None,,Minutes risk,0,2
55,Barkley,AVL,MID,38,16.0,293.0,Aerial Threat,Under-owned,,1,3
56,Barrenechea,AVL,MID,38,0.0,0.0,None,,Minutes risk,0,0
57,Dobbin,AVL,MID,38,0.0,0.0,None,,Minutes risk,0,0
58,Kamara,AVL,MID,38,0.0,0.0,None,,Minutes risk,0,0
59,Onana,AVL,MID,38,1.0,17.0,None,,Minutes risk,0,0
60,Broggio,AVL,MID,38,0.0,0.0,None,,Minutes risk,0,0
61,Dendoncker,AVL,MID,38,0.0,0.0,None,,Minutes risk,0,0
62,Jimoh-Aloba,AVL,MID,38,0.0,0.0,None,,Minutes risk,0,0
63,Young,AVL,MID,38,0.0,0.0,None,,Minutes risk,0,0
64,Watkins,AVL,FWD,38,38.0,300.0,"Goal Machine, Boom or Bust, Aerial Threat",Beating his xG,,3,3
65,Redmond,AVL,FWD,38,0.0,0.0,None,,Minutes risk,0,0
66,Neto,BOU,GKP,38,0.0,0.0,None,,Minutes risk,0,0
67,Petrović,BOU,GKP,38,18.0,360.0,None,Beating his xGC,Ever-present,0,4
68,Dennis,BOU,GKP,38,0.0,0.0,None,,Minutes risk,0,0
69,McKenna,BOU,GKP,38,0.0,0.0,None,,Minutes risk,0,0
70,Paulsen,BOU,GKP,38,0.0,0.0,None,,Minutes risk,0,0
71,Zabarnyi,BOU,DEF,38,0.0,0.0,None,,Minutes risk,0,0
72,Senesi,BOU,DEF,38,28.0,360.0,The Enforcer,Clean sheets earned,Ever-present,1,4
73,Smith,BOU,DEF,38,19.0,268.0,None,Clean sheets earned,,0,3
74,Truffert,BOU,DEF,38,26.0,360.0,The Supply Line,Clean sheets earned,Ever-present,1,4
75,Akinmboni,BOU,DEF,38,0.0,0.0,None,,Minutes risk,0,0
76,Bevan,BOU,DEF,38,0.0,0.0,None,,Minutes risk,0,0
77,Hill,BOU,DEF,38,20.0,360.0,The Enforcer,Clean sheets earned,Ever-present,1,4
78,J.Araujo,BOU,DEF,38,0.0,0.0,None,,Minutes risk,0,0
79,Mepham,BOU,DEF,38,0.0,0.0,None,,Minutes risk,0,0
80,Soler,BOU,DEF,38,0.0,0.0,None,,Minutes risk,0,0
81,Kluivert,BOU,MID,38,1.0,31.0,None,,Minutes risk,0,0
82,Semenyo,MCI,MID,38,19.0,292.0,None,Beating his xG,,0,4
83,O.Dango,BRE,MID,38,24.0,291.0,"Goal Machine, Boom or Bust, Aerial Threat",,,3,3
84,Tavernier,BOU,MID,38,17.0,342.0,"Playmaker, Set Piece Specialist",,Ever-present,2,4
85,Adams,BOU,MID,38,11.0,295.0,"Ball Winner, Metronome",Under-owned,,2,3
86,Brooks,BOU,MID,38,6.0,37.0,None,,Minutes risk,0,0
87,Christie,BOU,MID,38,-1.0,62.0,None,,Minutes risk,0,1
88,Cook,BOU,MID,38,2.0,2.0,None,,Minutes risk,0,0
89,Philip,BOU,MID,38,0.0,0.0,None,,Minutes risk,0,0
90,Scott,BOU,MID,38,11.0,270.0,"Ball Winner, Metronome",,,2,3
91,Sinisterra,BOU,MID,38,0.0,0.0,None,,Minutes risk,0,0
92,Faivre,BOU,MID,38,0.0,0.0,None,,Minutes risk,0,0
93,H.Traorè,BOU,MID,38,0.0,0.0,None,,Minutes risk,0,0
94,Sadi,BOU,MID,38,0.0,0.0,None,,Minutes risk,0,0
95,Silcott-Duberry,BOU,MID,38,0.0,0.0,None,,Minutes risk,0,0
96,Winterburn,BOU,MID,38,0.0,0.0,None,,Minutes risk,0,0
97,Evanilson,BOU,FWD,38,10.0,281.0,"Goal Machine, Metronome",Due a goal,,2,4
98,Enes Ünal,BOU,FWD,38,4.0,39.0,None,,Minutes risk,0,0
99,Adu-Adjei,BOU,FWD,38,0.0,0.0,None,,Minutes risk,0,0
100,Kroupi.Jr,BOU,FWD,38,18.0,294.0,Goal Machine,,,1,4
101,Kelleher,BRE,GKP,38,19.0,360.0,The Last Line,Beating his xGC,Ever-present,1,4
102,Balcombe,BRE,GKP,38,0.0,0.0,None,,Minutes risk,0,0
103,Cox,BRE,GKP,38,0.0,0.0,None,,Minutes risk,0,0
104,Eyestone,BRE,GKP,38,0.0,0.0,None,,Minutes risk,0,0
105,Valdimarsson,BRE,GKP,38,0.0,0.0,None,,Minutes risk,0,0
106,Collins,BRE,DEF,38,13.0,360.0,The Enforcer,,Ever-present,1,4
107,Lewis-Potter,BRE,DEF,38,18.0,358.0,Set Piece Specialist,,Ever-present,1,4
108,Ajer,BRE,DEF,38,6.0,181.0,None,,Minutes risk,0,2
109,Henry,BRE,DEF,38,0.0,0.0,None,,Minutes risk,0,0
110,Kayode,BRE,DEF,38,8.0,360.0,None,,Ever-present,0,4
111,Pinnock,BRE,DEF,38,0.0,0.0,None,,Minutes risk,0,0
112,Roerslev,BRE,DEF,38,0.0,0.0,None,,Minutes risk,0,0
113,Van den Berg,BRE,DEF,38,14.0,188.0,None,,Minutes risk,0,2
114,Arthur,BRE,DEF,38,0.0,0.0,None,,Minutes risk,0,0
115,Fredrick,BRE,DEF,38,0.0,0.0,None,,Minutes risk,0,0
116,Hickey,BRE,DEF,38,4.0,91.0,None,,Minutes risk,0,1
117,Ji-soo,BRE,DEF,38,0.0,0.0,None,,Minutes risk,0,0
118,Meghoma,BRE,DEF,38,0.0,0.0,None,,Minutes risk,0,0
119,Mbeumo,MUN,MID,38,19.0,241.0,"Goal Machine, Playmaker, Set Piece Specialist","Due a goal, Returns overdue",,3,3
120,Schade,BRE,MID,38,13.0,286.0,"Goal Machine, Aerial Threat",,,2,3
121,Damsgaard,BRE,MID,38,18.0,255.0,"Playmaker, Boom or Bust",Under-owned,,2,3
122,Milambo,BRE,MID,38,0.0,0.0,None,,Minutes risk,0,0
123,Carvalho,BRE,MID,38,0.0,0.0,None,,Minutes risk,0,0
124,Henderson,BRE,MID,38,1.0,97.0,None,,Minutes risk,0,1
125,Janelt,BRE,MID,38,4.0,181.0,None,,Minutes risk,0,2
126,Jensen,BRE,MID,38,11.0,324.0,"Playmaker, Metronome, Set Piece Specialist",Under-owned,,3,4
127,Nunes,BRE,MID,38,0.0,0.0,None,,Minutes risk,0,0
128,Onyeka,BRE,MID,38,0.0,0.0,None,,Minutes risk,0,0
129,Yarmoliuk,BRE,MID,38,13.0,256.0,None,Under-owned,,0,3
130,Donovan,BRE,MID,38,0.0,0.0,None,,Minutes risk,0,0
131,Konak,BRE,MID,38,0.0,0.0,None,,Minutes risk,0,0
132,Maghoma,BRE,MID,38,0.0,0.0,None,,Minutes risk,0,0
133,Peart-Harris,BRE,MID,38,0.0,0.0,None,,Minutes risk,0,0
134,Trevitt,BRE,MID,38,0.0,0.0,None,,Minutes risk,0,0
135,Wissa,NEW,FWD,38,5.0,70.0,None,,Minutes risk,0,0
136,Thiago,BRE,FWD,38,12.0,360.0,"Goal Machine, Metronome",Returns overdue,Ever-present,2,4
137,Morgan,BRE,FWD,38,0.0,0.0,None,,Minutes risk,0,0
138,Steele,BHA,GKP,38,0.0,0.0,None,,Minutes risk,0,0
139,Verbruggen,BHA,GKP,38,12.0,360.0,None,Conceding above xGC,Ever-present,0,4
140,McGill,BHA,GKP,38,0.0,0.0,None,,Minutes risk,0,0
141,Rushworth,BHA,GKP,38,0.0,0.0,None,,Minutes risk,0,0
142,Scherpen,BHA,GKP,38,0.0,0.0,None,,Minutes risk,0,0
143,Boscagli,BHA,DEF,38,1.0,90.0,None,,Minutes risk,0,1
144,Coppola,BHA,DEF,38,0.0,0.0,None,,Minutes risk,0,0
145,De Cuyper,BHA,DEF,38,18.0,231.0,"The Supply Line, Set Piece Specialist",,,2,3
146,Dunk,BHA,DEF,38,18.0,272.0,"The Raider, Aerial Threat",,,2,3
147,Estupiñan,BHA,DEF,38,0.0,0.0,None,,Minutes risk,0,0
148,F.Kadıoğlu,BHA,DEF,38,10.0,360.0,The Supply Line,,Ever-present,1,4
149,Igor,BHA,DEF,38,0.0,0.0,None,,Minutes risk,0,0
150,Lamptey,BHA,DEF,38,0.0,0.0,None,,Minutes risk,0,0
151,Van Hecke,BHA,DEF,38,11.0,360.0,The Raider,,Ever-present,1,4
152,Veltman,BHA,DEF,38,8.0,158.0,None,,Minutes risk,0,1
153,Webster,BHA,DEF,38,0.0,0.0,None,,Minutes risk,0,0
154,Cashin,BHA,DEF,38,0.0,0.0,None,,Minutes risk,0,0
155,Slater,BHA,DEF,38,0.0,0.0,None,,Minutes risk,0,0
156,Tasker,BHA,DEF,38,0.0,0.0,None,,Minutes risk,0,0
157,Mitoma,BHA,MID,38,1.0,147.0,None,,Minutes risk,0,2
158,Georginio,BHA,MID,38,4.0,65.0,None,,Minutes risk,0,0
159,March,BHA,MID,38,3.0,34.0,None,,Minutes risk,0,0
160,Minteh,BHA,MID,38,15.0,315.0,Playmaker,,,1,3
161,Enciso,BHA,MID,38,0.0,0.0,None,,Minutes risk,0,0
162,Gruda,BHA,MID,38,0.0,0.0,None,,Minutes risk,0,0
163,Hinshelwood,BHA,MID,38,20.0,328.0,"Goal Machine, Aerial Threat",,,2,4
164,O'Riley,BHA,MID,38,0.0,0.0,None,,Minutes risk,0,0
165,Sima,BHA,MID,38,0.0,0.0,None,,Minutes risk,0,0
166,Ayari,BHA,MID,38,2.0,22.0,None,,Minutes risk,0,0
167,Baleba,BHA,MID,38,11.0,266.0,Metronome,,,1,3
168,Buonanotte,LEE,MID,38,1.0,12.0,None,,Minutes risk,0,0
169,Gomez,BHA,MID,38,2.0,83.0,None,,Minutes risk,0,1
170,Milner,BHA,MID,38,1.0,58.0,None,,Minutes risk,0,1
171,Sarmiento,BHA,MID,38,0.0,0.0,None,,Minutes risk,0,0
172,Watson,BHA,MID,38,0.0,0.0,None,,Minutes risk,0,0
173,Wieffer,BHA,MID,38,3.0,107.0,None,,Minutes risk,0,2
174,Yalcouye,BHA,MID,38,0.0,0.0,None,,Minutes risk,0,0
175,Knight,BHA,MID,38,0.0,0.0,None,,Minutes risk,0,0
176,Mazilu,BHA,MID,38,0.0,0.0,None,,Minutes risk,0,0
177,Moran,BHA,MID,38,0.0,0.0,None,,Minutes risk,0,0
178,Welbeck,BHA,FWD,38,10.0,277.0,"Metronome, Aerial Threat",,,2,4
179,Ferguson,BHA,FWD,38,0.0,0.0,None,,Minutes risk,0,0
180,Tzimas,BHA,FWD,38,0.0,0.0,None,,Minutes risk,0,0
181,Kostoulas,BHA,FWD,38,4.0,51.0,None,,Minutes risk,0,0
182,Trafford,MCI,GKP,38,2.0,90.0,None,,Minutes risk,0,1
183,Weiss,BUR,GKP,38,7.0,270.0,None,,,0,3
184,Green,BUR,GKP,38,0.0,0.0,None,,Minutes risk,0,0
185,Hladký,BUR,GKP,38,0.0,0.0,None,,Minutes risk,0,0
186,Roberts,BUR,DEF,38,0.0,0.0,None,,Minutes risk,0,0
187,Walker,BUR,DEF,38,6.0,360.0,None,One action short,Ever-present,0,4
188,Delcroix,BUR,DEF,38,0.0,0.0,None,,Minutes risk,0,0
189,Dodgson,BUR,DEF,38,0.0,0.0,None,,Minutes risk,0,0
190,Ekdal,BUR,DEF,38,3.0,90.0,None,,Minutes risk,0,1
191,Estève,BUR,DEF,38,8.0,261.0,The Enforcer,,,1,3
192,Hartman,BUR,DEF,38,1.0,64.0,None,,Minutes risk,0,1
193,Humphreys,BUR,DEF,38,3.0,173.0,None,,Minutes risk,0,2
194,Jordan,BUR,DEF,38,0.0,0.0,None,,Minutes risk,0,0
195,Lucas Pires,BUR,DEF,38,5.0,295.0,Set Piece Specialist,,,1,3
196,Sambo,BUR,DEF,38,0.0,0.0,None,,Minutes risk,0,0
197,Sonne,BUR,DEF,38,0.0,0.0,None,,Minutes risk,0,0
198,Tuanzebe,BUR,DEF,38,7.0,270.0,None,,,0,3
199,Worrall,BUR,DEF,38,0.0,0.0,None,,Minutes risk,0,0
200,Anthony,BUR,MID,38,16.0,351.0,"Metronome, Set Piece Specialist",,Ever-present,2,4
201,Benson,BUR,MID,38,0.0,0.0,None,,Minutes risk,0,0
202,Bruun Larsen,BUR,MID,38,3.0,16.0,None,,Minutes risk,0,0
203,Boateng,BUR,MID,38,0.0,0.0,None,,Minutes risk,0,0
204,Churlinov,BUR,MID,38,0.0,0.0,None,,Minutes risk,0,0
205,Cullen,BUR,MID,38,0.0,0.0,None,,Minutes risk,0,0
206,Edwards,BUR,MID,38,1.0,15.0,None,,Minutes risk,0,0
207,Hannibal,BUR,MID,38,7.0,238.0,None,,,0,3
208,Koleosho,BUR,MID,38,0.0,0.0,None,,Minutes risk,0,0
209,Laurent,BUR,MID,38,3.0,83.0,None,,Minutes risk,0,1
210,Tchaouna,BUR,MID,38,17.0,335.0,Metronome,Under-owned,,1,4
211,A.Ramsey,BUR,MID,38,0.0,0.0,None,,Minutes risk,0,0
212,Adewumi,BUR,MID,38,0.0,0.0,None,,Minutes risk,0,0
213,Banel,BUR,MID,38,0.0,0.0,None,,Minutes risk,0,0
214,Trésor,BUR,MID,38,0.0,0.0,None,,Minutes risk,0,0
215,Flemming,BUR,FWD,38,17.0,328.0,Goal Machine,Under-owned,,1,4
216,Amdouni,BUR,FWD,38,4.0,69.0,None,,Minutes risk,0,0
217,Foster,BUR,FWD,38,1.0,21.0,None,,Minutes risk,0,0
218,Barnes,BUR,FWD,38,0.0,5.0,None,,Minutes risk,0,0
219,Obafemi,BUR,FWD,38,0.0,0.0,None,,Minutes risk,0,0
220,Sánchez,CHE,GKP,38,5.0,246.0,None,,,0,3
221,Jörgensen,CHE,GKP,38,3.0,114.0,None,,Minutes risk,0,1
222,Penders,CHE,GKP,38,0.0,0.0,None,,Minutes risk,0,0
223,Slonina,CHE,GKP,38,0.0,0.0,None,,Minutes risk,0,0
224,Cucurella,CHE,DEF,38,7.0,360.0,None,,Ever-present,0,4
225,James,CHE,DEF,38,2.0,65.0,None,,Minutes risk,0,0
226,Chalobah,CHE,DEF,38,3.0,131.0,None,,Minutes risk,0,1
227,Colwill,CHE,DEF,38,8.0,225.0,None,,Minutes risk,0,2
228,Gusto,CHE,DEF,38,1.0,264.0,The Supply Line,,,1,3
229,B.Badiashile,CHE,DEF,38,0.0,0.0,None,,Minutes risk,0,0
230,Fofana,CHE,DEF,38,5.0,231.0,None,One action short,,0,3
231,M.Sarr,CHE,DEF,38,1.0,9.0,None,,Minutes risk,0,0
232,Tosin,CHE,DEF,38,0.0,45.0,None,,Minutes risk,0,1
233,Acheampong,CHE,DEF,38,3.0,78.0,None,,Minutes risk,0,1
234,Anselmino,CHE,DEF,38,0.0,0.0,None,,Minutes risk,0,0
235,Palmer,CHE,MID,38,12.0,358.0,Goal Machine,Returns overdue,Ever-present,1,4
236,Neto,CHE,MID,38,11.0,152.0,None,,Minutes risk,0,2
237,Enzo,CHE,MID,38,24.0,360.0,"Playmaker, Boom or Bust, Set Piece Specialist",Beating his xG,Ever-present,3,4
238,Estêvão,CHE,MID,38,0.0,0.0,None,,Minutes risk,0,0
239,Gittens,CHE,MID,38,0.0,0.0,None,,Minutes risk,0,0
240,Nkunku,CHE,MID,38,0.0,0.0,None,,Minutes risk,0,0
241,Caicedo,CHE,MID,38,8.0,354.0,None,,Ever-present,0,4
242,Dewsbury-Hall,EVE,MID,38,11.0,353.0,Metronome,One action short,Ever-present,1,4
243,George,EVE,MID,38,3.0,55.0,None,,Minutes risk,0,0
244,Lavia,CHE,MID,38,1.0,57.0,None,,Minutes risk,0,1
245,Mudryk,CHE,MID,38,0.0,0.0,None,,Minutes risk,0,0
246,Andrey Santos,CHE,MID,38,13.0,184.0,None,,Minutes risk,0,2
247,D.Essugo,CHE,MID,38,0.0,1.0,None,,Minutes risk,0,0
248,Paez,CHE,MID,38,0.0,0.0,None,,Minutes risk,0,0
249,João Pedro,CHE,FWD,38,11.0,270.0,"Goal Machine, Poacher, Aerial Threat",,,3,3
250,Delap,CHE,FWD,38,2.0,138.0,None,,Minutes risk,0,1
251,N.Jackson,CHE,FWD,38,0.0,0.0,None,,Minutes risk,0,0
252,Marc Guiu,CHE,FWD,38,0.0,0.0,None,,Minutes risk,0,0
253,Henderson,CRY,GKP,38,5.0,360.0,The Last Line,Conceding above xGC,Ever-present,1,4
254,Benitez,CRY,GKP,38,0.0,0.0,None,,Minutes risk,0,0
255,Matthews,CRY,GKP,38,0.0,0.0,None,,Minutes risk,0,0
256,Muñoz,CRY,DEF,38,10.0,306.0,The Supply Line,,,1,4
257,Lacroix,CRY,DEF,38,6.0,240.0,None,,,0,3
258,Mitchell,CRY,DEF,38,8.0,315.0,The Raider,,,1,3
259,Sosa,CRY,DEF,38,0.0,0.0,None,,Minutes risk,0,0
260,Guéhi,MCI,DEF,38,17.0,270.0,Set Piece Specialist,Clean sheets earned,,1,3
261,Richards,CRY,DEF,38,4.0,209.0,None,,Minutes risk,0,2
262,Chadi Riad,CRY,DEF,38,5.0,163.0,None,,Minutes risk,0,2
263,Clyne,CRY,DEF,38,2.0,98.0,None,,Minutes risk,0,1
264,Holding,CRY,DEF,38,0.0,0.0,None,,Minutes risk,0,0
265,Kporha,CRY,DEF,38,0.0,0.0,None,,Minutes risk,0,0
266,Eze,ARS,MID,38,10.0,230.0,"Goal Machine, Metronome",Due a goal,,2,3
267,Sarr,CRY,MID,38,16.0,255.0,Goal Machine,,,1,3
268,Doucouré,CRY,MID,38,0.0,0.0,None,,Minutes risk,0,0
269,Esse,CRY,MID,38,0.0,0.0,None,,Minutes risk,0,0
270,Hughes,CRY,MID,38,3.0,149.0,None,,Minutes risk,0,2
271,Kamada,CRY,MID,38,7.0,240.0,"Playmaker, Deep Lying Playmaker",,,2,3
272,Lerma,CRY,MID,38,7.0,206.0,None,,Minutes risk,0,2
273,Wharton,CRY,MID,38,17.0,226.0,None,,Minutes risk,0,2
274,Agbinone,CRY,MID,38,0.0,0.0,None,,Minutes risk,0,0
275,Ahamada,CRY,MID,38,0.0,0.0,None,,Minutes risk,0,0
276,Devenny,CRY,MID,38,2.0,90.0,None,,Minutes risk,0,1
277,Ebiowei,CRY,MID,38,0.0,0.0,None,,Minutes risk,0,0
278,J.Rak-Sakyi,CRY,MID,38,0.0,0.0,None,,Minutes risk,0,0
279,M.França,CRY,MID,38,0.0,0.0,None,,Minutes risk,0,0
280,Ozoh,CRY,MID,38,0.0,0.0,None,,Minutes risk,0,0
281,Rodney,CRY,MID,38,0.0,0.0,None,,Minutes risk,0,0
282,Umeh,CRY,MID,38,0.0,0.0,None,,Minutes risk,0,0
283,Mateta,CRY,FWD,38,13.0,126.0,None,,Minutes risk,0,1
284,Nketiah,CRY,FWD,38,0.0,0.0,None,,Minutes risk,0,0
285,Édouard,CRY,FWD,38,0.0,0.0,None,,Minutes risk,0,0
286,Marsh,CRY,FWD,38,0.0,0.0,None,,Minutes risk,0,0
287,Pickford,EVE,GKP,38,7.0,360.0,None,Conceding above xGC,Ever-present,0,4
288,Travers,EVE,GKP,38,0.0,0.0,None,,Minutes risk,0,0
289,Tyrer,EVE,GKP,38,0.0,0.0,None,,Minutes risk,0,0
290,Branthwaite,EVE,DEF,38,0.0,0.0,None,,Minutes risk,0,0
291,Tarkowski,EVE,DEF,38,21.0,360.0,"The Supply Line, The Enforcer, Aerial Threat",,Ever-present,3,4
292,Mykolenko,EVE,DEF,38,4.0,360.0,None,,Ever-present,0,4
293,O'Brien,EVE,DEF,38,8.0,328.0,"The Raider, Aerial Threat",,,2,4
294,Coleman,EVE,DEF,38,2.0,8.0,None,,Minutes risk,0,0
295,Keane,EVE,DEF,38,11.0,360.0,"The Enforcer, Aerial Threat",,Ever-present,2,4
296,Patterson,EVE,DEF,38,1.0,1.0,None,,Minutes risk,0,0
297,Dixon,EVE,DEF,38,0.0,0.0,None,,Minutes risk,0,0
298,Welch,EVE,DEF,38,0.0,0.0,None,,Minutes risk,0,0
299,Ndiaye,EVE,MID,38,8.0,360.0,Goal Machine,Due a goal,Ever-present,1,4
300,McNeil,EVE,MID,38,1.0,2.0,None,,Minutes risk,0,0
301,Alcaraz,EVE,MID,38,3.0,8.0,None,,Minutes risk,0,0
302,Gana,EVE,MID,38,0.0,0.0,None,,Minutes risk,0,0
303,Garner,EVE,MID,38,11.0,360.0,"Playmaker, Metronome, Set Piece Specialist",,Ever-present,3,4
304,Iroegbunam,EVE,MID,38,9.0,335.0,Metronome,Under-owned,,1,4
305,Armstrong,EVE,MID,38,2.0,29.0,None,,Minutes risk,0,0
306,Bates,EVE,MID,38,0.0,0.0,None,,Minutes risk,0,0
307,Ebere,EVE,MID,38,0.0,0.0,None,,Minutes risk,0,0
308,Heath,EVE,MID,38,0.0,0.0,None,,Minutes risk,0,0
309,Metcalfe,EVE,MID,38,0.0,0.0,None,,Minutes risk,0,0
310,Barry,EVE,FWD,38,15.0,146.0,None,,Minutes risk,0,1
311,Beto,EVE,FWD,38,12.0,210.0,"Goal Machine, Poacher, Aerial Threat",,,3,3
312,Y.Chermiti,EVE,FWD,38,0.0,0.0,None,,Minutes risk,0,0
313,Sherif,EVE,FWD,38,0.0,0.0,None,,Minutes risk,0,0
314,Leno,FUL,GKP,38,14.0,360.0,The Last Line,,Ever-present,1,4
315,Benda,FUL,GKP,38,0.0,0.0,None,,Minutes risk,0,0
316,Robinson,FUL,DEF,38,20.0,360.0,The Raider,,Ever-present,1,4
317,Andersen,FUL,DEF,38,1.0,141.0,None,,Minutes risk,0,2
318,Bassey,FUL,DEF,38,11.0,360.0,None,One action short,Ever-present,0,4
319,Castagne,FUL,DEF,38,16.0,352.0,The Supply Line,,Ever-present,1,4
320,Diop,FUL,DEF,38,18.0,220.0,None,,Minutes risk,0,2
321,J.Cuenca,FUL,DEF,38,0.0,4.0,None,,Minutes risk,0,0
322,Tete,FUL,DEF,38,0.0,0.0,None,,Minutes risk,0,0
323,Amissah,FUL,DEF,38,0.0,0.0,None,,Minutes risk,0,0
324,Iwobi,FUL,MID,38,5.0,156.0,None,,Minutes risk,0,2
325,Smith Rowe,FUL,MID,38,8.0,271.0,None,,,0,4
326,Adama,WHU,MID,38,1.0,16.0,None,,Minutes risk,0,0
327,Andreas,FUL,MID,38,0.0,0.0,None,,Minutes risk,0,0
328,Sessegnon,FUL,MID,38,0.0,0.0,None,,Minutes risk,0,0
329,Wilson,FUL,MID,38,9.0,153.0,None,,Minutes risk,0,2
330,Berge,FUL,MID,38,4.0,135.0,None,,Minutes risk,0,2
331,Cairney,FUL,MID,38,9.0,131.0,None,,Minutes risk,0,1
332,Lukić,FUL,MID,38,7.0,270.0,Set Piece Specialist,,,1,3
333,Godo,FUL,MID,38,0.0,0.0,None,,Minutes risk,0,0
334,Harris,FUL,MID,38,0.0,0.0,None,,Minutes risk,0,0
335,King,FUL,MID,38,3.0,81.0,None,,Minutes risk,0,0
336,Reed,FUL,MID,38,2.0,63.0,None,,Minutes risk,0,1
337,Raúl,FUL,FWD,38,4.0,113.0,None,,Minutes risk,0,1
338,Muniz,FUL,FWD,38,6.0,244.0,"Goal Machine, Aerial Threat",Due a goal,,2,3
339,Meslier,LEE,GKP,38,0.0,0.0,None,,Minutes risk,0,0
340,Cairns,LEE,GKP,38,0.0,0.0,None,,Minutes risk,0,0
341,Darlow,LEE,GKP,38,17.0,360.0,The Last Line,Beating his xGC,Ever-present,1,4
342,Bogle,LEE,DEF,38,7.0,167.0,None,,Minutes risk,0,2
343,Struijk,LEE,DEF,38,3.0,235.0,Aerial Threat,,,1,3
344,Bijol,LEE,DEF,38,19.0,339.0,The Enforcer,,,1,4
345,Bornauw,LEE,DEF,38,8.0,125.0,None,,Minutes risk,0,1
346,Byram,LEE,DEF,38,1.0,1.0,None,,Minutes risk,0,0
347,Gudmundsson,LEE,DEF,38,0.0,0.0,None,,Minutes risk,0,0
348,Rodon,LEE,DEF,38,9.0,360.0,Aerial Threat,One action short,Ever-present,1,4
349,Schmidt,LEE,DEF,38,0.0,0.0,None,,Minutes risk,0,0
350,Aaronson,LEE,MID,38,5.0,229.0,None,,,0,3
351,Gnonto,LEE,MID,38,4.0,79.0,None,,Minutes risk,0,0
352,Harrison,LEE,MID,38,0.0,0.0,None,,Minutes risk,0,0
353,James,LEE,MID,38,5.0,142.0,None,,Minutes risk,0,2
354,Ampadu,LEE,MID,38,17.0,360.0,Ball Winner,Under-owned,Ever-present,1,4
355,Greenwood,LEE,MID,38,0.0,0.0,None,,Minutes risk,0,0
356,Gruev,LEE,MID,38,0.0,0.0,None,,Minutes risk,0,0
357,Ramazani,LEE,MID,38,0.0,0.0,None,,Minutes risk,0,0
358,Tanaka,LEE,MID,38,16.0,297.0,"Ball Winner, Metronome",Under-owned,,2,4
359,Crew,LEE,MID,38,0.0,0.0,None,,Minutes risk,0,0
360,Gelhardt,LEE,MID,38,0.0,0.0,None,,Minutes risk,0,0
361,Gyabi,LEE,MID,38,0.0,0.0,None,,Minutes risk,0,0
362,Piroe,LEE,FWD,38,2.0,28.0,None,,Minutes risk,0,0
363,Bamford,LEE,FWD,38,0.0,0.0,None,,Minutes risk,0,0
364,Mateo Joseph,LEE,FWD,38,0.0,0.0,None,,Minutes risk,0,0
365,Nmecha,LEE,FWD,38,5.0,172.0,None,,Minutes risk,0,1
366,A.Becker,LIV,GKP,38,2.0,90.0,None,,Minutes risk,0,1
367,Mamardashvili,LIV,GKP,38,3.0,180.0,None,,Minutes risk,0,2
368,Pécsi,LIV,GKP,38,0.0,0.0,None,,Minutes risk,0,0
369,Woodman,LIV,GKP,38,2.0,90.0,None,,Minutes risk,0,1
370,Frimpong,LIV,DEF,38,4.0,180.0,None,,Minutes risk,0,2
371,Kerkez,LIV,DEF,38,4.0,218.0,None,,Minutes risk,0,2
372,Robertson,LIV,DEF,38,2.0,140.0,None,,Minutes risk,0,2
373,Virgil,LIV,DEF,38,19.0,360.0,"The Raider, Aerial Threat",,Ever-present,2,4
374,Konaté,LIV,DEF,38,4.0,340.0,Aerial Threat,,Ever-present,1,4
375,Bradley,LIV,DEF,38,0.0,0.0,None,,Minutes risk,0,0
376,Gomez,LIV,DEF,38,1.0,79.0,None,,Minutes risk,0,1
377,Tsimikas,LIV,DEF,38,0.0,0.0,None,,Minutes risk,0,0
378,Nallo,LIV,DEF,38,0.0,0.0,None,,Minutes risk,0,0
379,R.Williams,LIV,DEF,38,0.0,0.0,None,,Minutes risk,0,0
380,Ramsay,LIV,DEF,38,0.0,0.0,None,,Minutes risk,0,0
381,M.Salah,LIV,MID,38,7.0,89.0,None,,Minutes risk,0,1
382,Wirtz,LIV,MID,38,4.0,131.0,None,,Minutes risk,0,1
383,Luis Díaz,LIV,MID,38,0.0,0.0,None,,Minutes risk,0,0
384,Gakpo,LIV,MID,38,12.0,329.0,"Goal Machine, Metronome, Aerial Threat",,,3,4
385,Chiesa,LIV,MID,38,3.0,40.0,None,,Minutes risk,0,0
386,Mac Allister,LIV,MID,38,8.0,360.0,Aerial Threat,,Ever-present,1,4
387,Szoboszlai,LIV,MID,38,26.0,360.0,"Playmaker, Boom or Bust, Set Piece Specialist",One action short,Ever-present,3,4
388,C.Jones,LIV,MID,38,15.0,360.0,None,"One action short, Under-owned",Ever-present,0,4
389,Elliott,AVL,MID,38,0.0,0.0,None,,Minutes risk,0,0
390,Gravenberch,LIV,MID,38,16.0,327.0,Shoots On Sight,,,1,4
391,Gannon-Doak,BOU,MID,38,2.0,37.0,None,,Minutes risk,0,0
392,Endo,LIV,MID,38,0.0,0.0,None,,Minutes risk,0,0
393,Bajcetic,LIV,MID,38,0.0,0.0,None,,Minutes risk,0,0
394,McConnell,LIV,MID,38,0.0,0.0,None,,Minutes risk,0,0
395,Morton,LIV,MID,38,0.0,0.0,None,,Minutes risk,0,0
396,Nyoni,LIV,MID,38,1.0,7.0,None,,Minutes risk,0,0
397,Darwin,LIV,FWD,38,0.0,0.0,None,,Minutes risk,0,0
398,Danns,LIV,FWD,38,0.0,0.0,None,,Minutes risk,0,0
399,Ederson M.,MCI,GKP,38,0.0,0.0,None,,Minutes risk,0,0
400,Ortega Moreno,NFO,GKP,38,0.0,0.0,None,,Minutes risk,0,0
401,Bettinelli,MCI,GKP,38,0.0,0.0,None,,Minutes risk,0,0
402,Aït-Nouri,MCI,DEF,38,7.0,103.0,None,,Minutes risk,0,1
403,Gvardiol,MCI,DEF,38,2.0,69.0,None,,Minutes risk,0,1
404,Akanji,MCI,DEF,38,0.0,0.0,None,,Minutes risk,0,0
405,Aké,MCI,DEF,38,8.0,198.0,None,,Minutes risk,0,2
406,Khusanov,MCI,DEF,38,8.0,180.0,None,,Minutes risk,0,2
407,Matheus N.,MCI,DEF,38,8.0,237.0,None,,,0,3
408,Rúben,MCI,DEF,38,1.0,90.0,None,,Minutes risk,0,1
409,Stones,MCI,DEF,38,4.0,85.0,None,,Minutes risk,0,1
410,Lewis,MCI,DEF,38,0.0,90.0,None,,Minutes risk,0,1
411,O'Reilly,MCI,DEF,38,7.0,180.0,None,,Minutes risk,0,2
412,Vitor Reis,MCI,DEF,38,0.0,0.0,None,,Minutes risk,0,0
413,Marmoush,MCI,MID,38,15.0,122.0,None,,Minutes risk,0,1
414,Foden,MCI,MID,38,16.0,235.0,None,,Minutes risk,0,2
415,Savinho,MCI,MID,38,13.0,215.0,None,,Minutes risk,0,2
416,Bernardo,MCI,MID,38,9.0,281.0,"Metronome, Set Piece Specialist",Under-owned,,2,4
417,Cherki,MCI,MID,38,7.0,136.0,None,,Minutes risk,0,1
418,Doku,MCI,MID,38,15.0,209.0,None,,Minutes risk,0,2
419,Grealish,EVE,MID,38,0.0,0.0,None,,Minutes risk,0,0
420,Gündoğan,MCI,MID,38,0.0,0.0,None,,Minutes risk,0,0
421,Rodrigo,MCI,MID,38,7.0,90.0,None,,Minutes risk,0,1
422,Kovačić,MCI,MID,38,3.0,97.0,None,,Minutes risk,0,1
423,N.Gonzalez,MCI,MID,38,4.0,90.0,None,,Minutes risk,0,1
424,Bobb,FUL,MID,38,7.0,203.0,None,,Minutes risk,0,2
425,Echeverri,MCI,MID,38,0.0,0.0,None,,Minutes risk,0,0
426,McAtee,NFO,MID,38,8.0,115.0,None,,Minutes risk,0,1
427,Reijnders,MCI,MID,38,6.0,135.0,None,,Minutes risk,0,2
428,Nypan,MCI,MID,38,0.0,0.0,None,,Minutes risk,0,0
429,Phillips,MCI,MID,38,0.0,0.0,None,,Minutes risk,0,0
430,Haaland,MCI,FWD,38,20.0,180.0,None,,Minutes risk,0,2
431,Bayindir,MUN,GKP,38,0.0,0.0,None,,Minutes risk,0,0
432,Onana,MUN,GKP,38,0.0,0.0,None,,Minutes risk,0,0
433,Harrison,MUN,GKP,38,0.0,0.0,None,,Minutes risk,0,0
434,Heaton,MUN,GKP,38,0.0,0.0,None,,Minutes risk,0,0
435,Mee,MUN,GKP,38,0.0,0.0,None,,Minutes risk,0,0
436,De Ligt,MUN,DEF,38,0.0,0.0,None,,Minutes risk,0,0
437,Martinez,MUN,DEF,38,15.0,270.0,None,Clean sheets earned,,0,3
438,Mazraoui,MUN,DEF,38,17.0,163.0,None,,Minutes risk,0,2
439,D.Leon,MUN,DEF,38,0.0,0.0,None,,Minutes risk,0,0
440,Dalot,MUN,DEF,38,2.0,180.0,None,,Minutes risk,0,2
441,Dorgu,MUN,DEF,38,21.0,111.0,None,,Minutes risk,0,1
442,Maguire,MUN,DEF,38,20.0,360.0,The Enforcer,Clean sheets earned,Ever-present,1,4
443,Shaw,MUN,DEF,38,20.0,351.0,The Supply Line,Clean sheets earned,Ever-present,1,4
444,Yoro,MUN,DEF,38,2.0,17.0,None,,Minutes risk,0,0
445,Amass,MUN,DEF,38,0.0,0.0,None,,Minutes risk,0,0
446,Fredricson,MUN,DEF,38,0.0,0.0,None,,Minutes risk,0,0
447,Heaven,MUN,DEF,38,1.0,90.0,None,,Minutes risk,0,1
448,Malacia,MUN,DEF,38,1.0,8.0,None,,Minutes risk,0,0
449,B.Fernandes,MUN,MID,38,31.0,360.0,"Playmaker, Boom or Bust, Set Piece Specialist",,Ever-present,3,4
450,Cunha,MUN,MID,38,18.0,255.0,"Goal Machine, Playmaker",Beating his xG,,2,3
451,Rashford,MUN,MID,38,0.0,0.0,None,,Minutes risk,0,0
452,Amad,MUN,MID,38,13.0,299.0,"Playmaker, Deep Lying Playmaker",Returns overdue,,2,3
453,Garnacho,CHE,MID,38,1.0,1.0,None,,Minutes risk,0,0
454,Antony,MUN,MID,38,0.0,0.0,None,,Minutes risk,0,0
455,Mount,MUN,MID,38,10.0,172.0,None,,Minutes risk,0,2
456,Sancho,AVL,MID,38,3.0,85.0,None,,Minutes risk,0,1
457,Casemiro,MUN,MID,38,5.0,170.0,None,,Minutes risk,0,2
458,Mainoo,MUN,MID,38,20.0,360.0,"Ball Winner, Deep Lying Playmaker",,Ever-present,2,4
459,Ugarte,MUN,MID,38,0.0,0.0,None,,Minutes risk,0,0
460,Collyer,MUN,MID,38,0.0,0.0,None,,Minutes risk,0,0
461,Fitzgerald,MUN,MID,38,0.0,0.0,None,,Minutes risk,0,0
462,J.Fletcher,MUN,MID,38,0.0,0.0,None,,Minutes risk,0,0
463,Kone,MUN,MID,38,0.0,0.0,None,,Minutes risk,0,0
464,Moorhouse,MUN,MID,38,0.0,0.0,None,,Minutes risk,0,0
465,Højlund,MUN,FWD,38,0.0,0.0,None,,Minutes risk,0,0
466,Zirkzee,MUN,FWD,38,4.0,93.0,None,,Minutes risk,0,1
467,Obi,MUN,FWD,38,0.0,0.0,None,,Minutes risk,0,0
468,Wheatley,MUN,FWD,38,0.0,0.0,None,,Minutes risk,0,0
469,Pope,NEW,GKP,38,12.0,360.0,The Last Line,,Ever-present,1,4
470,Dúbravka,BUR,GKP,38,2.0,90.0,None,,Minutes risk,0,1
471,Gillespie,NEW,GKP,38,0.0,0.0,None,,Minutes risk,0,0
472,Odysseas,NEW,GKP,38,0.0,0.0,None,,Minutes risk,0,0
473,Hall,NEW,DEF,38,5.0,292.0,Set Piece Specialist,One action short,,1,3
474,Schär,NEW,DEF,38,0.0,0.0,None,,Minutes risk,0,0
475,Botman,NEW,DEF,38,15.0,360.0,The Enforcer,,Ever-present,1,4
476,Burn,NEW,DEF,38,11.0,278.0,None,,,0,3
477,Livramento,NEW,DEF,38,0.0,0.0,None,,Minutes risk,0,0
478,Trippier,NEW,DEF,38,3.0,85.0,None,,Minutes risk,0,1
479,Krafth,NEW,DEF,38,0.0,0.0,None,,Minutes risk,0,0
480,Lascelles,NEW,DEF,38,0.0,0.0,None,,Minutes risk,0,0
481,A.Murphy,NEW,DEF,38,1.0,6.0,None,,Minutes risk,0,0
482,Ashby,NEW,DEF,38,0.0,0.0,None,,Minutes risk,0,0
483,Pivas,NEW,DEF,38,0.0,0.0,None,,Minutes risk,0,0
484,Targett,NEW,DEF,38,0.0,0.0,None,,Minutes risk,0,0
485,Gordon,NEW,MID,38,0.0,0.0,None,,Minutes risk,0,0
486,Elanga,NEW,MID,38,2.0,29.0,None,,Minutes risk,0,0
487,Barnes,NEW,MID,38,19.0,170.0,None,,Minutes risk,0,1
488,Bruno G.,NEW,MID,38,17.0,335.0,"Playmaker, Ball Winner, Metronome",Returns overdue,,3,4
489,J.Murphy,NEW,MID,38,13.0,187.0,None,Under-owned,,0,3
490,Joelinton,NEW,MID,38,6.0,180.0,None,,Minutes risk,0,2
491,Tonali,NEW,MID,38,4.0,232.0,"Playmaker, Deep Lying Playmaker",One action short,,2,3
492,Antoñito C.,NEW,MID,38,0.0,0.0,None,,Minutes risk,0,0
493,Longstaff,LEE,MID,38,3.0,49.0,None,,Minutes risk,0,0
494,Willock,NEW,MID,38,8.0,194.0,None,,Minutes risk,0,2
495,Hayden,NEW,MID,38,0.0,0.0,None,,Minutes risk,0,0
496,Kuol,NEW,MID,38,0.0,0.0,None,,Minutes risk,0,0
497,L.Miley,NEW,MID,38,2.0,90.0,None,,Minutes risk,0,1
498,White,NEW,MID,38,0.0,0.0,None,,Minutes risk,0,0
499,Isak,LIV,FWD,38,1.0,23.0,None,,Minutes risk,0,0
500,Osula,NEW,FWD,38,26.0,286.0,"Goal Machine, Boom or Bust",,,2,4
501,Neave,NEW,FWD,38,1.0,13.0,None,,Minutes risk,0,0
502,Sels,NFO,GKP,38,16.0,360.0,The Last Line,Beating his xGC,Ever-present,1,4
503,C.Miguel,NFO,GKP,38,0.0,0.0,None,,Minutes risk,0,0
504,Turner,NFO,GKP,38,0.0,0.0,None,,Minutes risk,0,0
505,Milenković,NFO,DEF,38,8.0,315.0,None,,,0,3
506,Murillo,NFO,DEF,38,0.0,0.0,None,,Minutes risk,0,0
507,Aina,NFO,DEF,38,0.0,0.0,None,,Minutes risk,0,0
508,N.Williams,NFO,DEF,38,6.0,315.0,Set Piece Specialist,One action short,,1,3
509,David Carmo,NFO,DEF,38,0.0,0.0,None,,Minutes risk,0,0
510,Jair Cunha,NFO,DEF,38,6.0,203.0,None,,,0,3
511,Morato,NFO,DEF,38,16.0,360.0,"The Raider, The Enforcer",,Ever-present,2,4
512,O.Richards,NFO,DEF,38,0.0,0.0,None,,Minutes risk,0,0
513,Abbott,NFO,DEF,38,1.0,45.0,None,,Minutes risk,0,1
514,Boly,NFO,DEF,38,0.0,0.0,None,,Minutes risk,0,0
515,Gibbs-White,NFO,MID,38,20.0,200.0,None,,Minutes risk,0,2
516,Hudson-Odoi,NFO,MID,38,0.0,0.0,None,,Minutes risk,0,0
517,Anderson,NFO,MID,38,27.0,289.0,"Playmaker, Ball Winner, Boom or Bust",,,3,3
518,Jota,NFO,MID,38,0.0,0.0,None,,Minutes risk,0,0
519,Dominguez,NFO,MID,38,5.0,184.0,None,One action short,,0,3
520,O'Brien,NFO,MID,38,0.0,0.0,None,,Minutes risk,0,0
521,Sangaré,NFO,MID,38,5.0,84.0,None,,Minutes risk,0,1
522,Yates,NFO,MID,38,5.0,160.0,None,,Minutes risk,0,1
523,Da Silva Moreira,NFO,MID,38,0.0,0.0,None,,Minutes risk,0,0
524,Stamenic,NFO,MID,38,0.0,0.0,None,,Minutes risk,0,0
525,Wood,NFO,FWD,38,6.0,171.0,None,,Minutes risk,0,2
526,Igor Jesus,NFO,FWD,38,10.0,300.0,"Goal Machine, Metronome",,,2,4
527,Awoniyi,NFO,FWD,38,19.0,210.0,None,,Minutes risk,0,2
528,Patterson,SUN,GKP,38,0.0,0.0,None,,Minutes risk,0,0
529,Moore,SUN,GKP,38,0.0,0.0,None,,Minutes risk,0,0
530,Nna Noukeu,SUN,GKP,38,0.0,0.0,None,,Minutes risk,0,0
531,Ballard,SUN,DEF,38,-2.0,23.0,None,,Minutes risk,0,1
532,Hume,SUN,DEF,38,17.0,328.0,Set Piece Specialist,,,1,4
533,Alese,SUN,DEF,38,0.0,0.0,None,,Minutes risk,0,0
534,Anderson,SUN,DEF,38,0.0,0.0,None,,Minutes risk,0,0
535,Cirkin,SUN,DEF,38,0.0,18.0,None,,Minutes risk,0,0
536,Hjelde,SUN,DEF,38,0.0,0.0,None,,Minutes risk,0,0
537,Huggins,SUN,DEF,38,0.0,0.0,None,,Minutes risk,0,0
538,Johnson,SUN,DEF,38,0.0,0.0,None,,Minutes risk,0,0
539,O'Nien,SUN,DEF,38,10.0,157.0,None,,Minutes risk,0,1
540,Pembele,SUN,DEF,38,0.0,0.0,None,,Minutes risk,0,0
541,Reinildo,SUN,DEF,38,14.0,341.0,None,,Ever-present,0,4
542,Seelt,SUN,DEF,38,0.0,0.0,None,,Minutes risk,0,0
543,Adingra,SUN,MID,38,0.0,0.0,None,,Minutes risk,0,0
544,Diarra,SUN,MID,38,5.0,60.0,None,,Minutes risk,0,0
545,Roberts,SUN,MID,38,0.0,0.0,None,,Minutes risk,0,0
546,Aleksić,SUN,MID,38,0.0,0.0,None,,Minutes risk,0,0
547,E.Le Fée,SUN,MID,38,25.0,360.0,"Playmaker, Boom or Bust, Set Piece Specialist",,Ever-present,3,4
548,Mundle,SUN,MID,38,0.0,0.0,None,,Minutes risk,0,0
549,Neil,SUN,MID,38,0.0,0.0,None,,Minutes risk,0,0
550,Poveda,SUN,MID,38,0.0,0.0,None,,Minutes risk,0,0
551,Rigg,SUN,MID,38,5.0,14.0,None,,Minutes risk,0,0
552,Sadiki,SUN,MID,38,10.0,327.0,Metronome,Under-owned,,1,4
553,Talbi,SUN,MID,38,6.0,198.0,None,,Minutes risk,0,2
554,Ba,SUN,MID,38,0.0,0.0,None,,Minutes risk,0,0
555,Browne,SUN,MID,38,0.0,0.0,None,,Minutes risk,0,0
556,Ekwah,SUN,MID,38,0.0,0.0,None,,Minutes risk,0,0
557,H.Jones,SUN,MID,38,0.0,0.0,None,,Minutes risk,0,0
558,Matete,SUN,MID,38,0.0,0.0,None,,Minutes risk,0,0
559,Triantis,SUN,MID,38,0.0,0.0,None,,Minutes risk,0,0
560,Isidor,SUN,FWD,38,7.0,60.0,None,,Minutes risk,0,0
561,Mayenda,SUN,FWD,38,1.0,1.0,None,,Minutes risk,0,0
562,Abdullahi,SUN,FWD,38,0.0,0.0,None,,Minutes risk,0,0
563,Luís Hemir,SUN,FWD,38,0.0,0.0,None,,Minutes risk,0,0
564,Rusyn,SUN,FWD,38,0.0,0.0,None,,Minutes risk,0,0
565,Vicario,TOT,GKP,38,0.0,0.0,None,,Minutes risk,0,0
566,Austin,TOT,GKP,38,0.0,0.0,None,,Minutes risk,0,0
567,Kinsky,TOT,GKP,38,11.0,360.0,The Spectator,Conceding above xGC,Ever-present,1,4
568,Pedro Porro,TOT,DEF,38,15.0,360.0,"The Supply Line, The Enforcer, Set Piece Specialist",,Ever-present,3,4
569,Romero,TOT,DEF,38,0.0,0.0,None,,Minutes risk,0,0
570,Danso,TOT,DEF,38,17.0,360.0,"The Enforcer, Aerial Threat",,Ever-present,2,4
571,Davies,TOT,DEF,38,0.0,0.0,None,,Minutes risk,0,0
572,Dragusin,TOT,DEF,38,1.0,1.0,None,,Minutes risk,0,0
573,Spence,TOT,DEF,38,9.0,139.0,None,,Minutes risk,0,1
574,Udogie,TOT,DEF,38,11.0,331.0,None,,,0,4
575,Van de Ven,TOT,DEF,38,10.0,360.0,None,,Ever-present,0,4
576,Phillips,TOT,DEF,38,0.0,0.0,None,,Minutes risk,0,0
577,Takai,TOT,DEF,38,0.0,0.0,None,,Minutes risk,0,0
578,Vuskovic,TOT,DEF,38,0.0,0.0,None,,Minutes risk,0,0
579,Son,TOT,MID,38,0.0,0.0,None,,Minutes risk,0,0
580,Johnson,CRY,MID,38,5.0,198.0,None,,Minutes risk,0,2
581,Maddison,TOT,MID,38,3.0,34.0,None,,Minutes risk,0,0
582,Kudus,TOT,MID,38,0.0,0.0,None,,Minutes risk,0,0
583,Kulusevski,TOT,MID,38,0.0,0.0,None,,Minutes risk,0,0
584,Tel,TOT,MID,38,19.0,336.0,"Playmaker, Set Piece Specialist",Under-owned,,2,4
585,Bentancur,TOT,MID,38,14.0,317.0,"Ball Winner, Metronome",Under-owned,,2,4
586,Bergvall,TOT,MID,38,2.0,10.0,None,,Minutes risk,0,0
587,Bissouma,TOT,MID,38,1.0,23.0,None,,Minutes risk,0,0
588,Odobert,TOT,MID,38,0.0,0.0,None,,Minutes risk,0,0
589,Solomon,TOT,MID,38,0.0,0.0,None,,Minutes risk,0,0
590,Bryan,TOT,MID,38,0.0,0.0,None,,Minutes risk,0,0
591,Gray,TOT,MID,38,1.0,8.0,None,,Minutes risk,0,0
592,Moore,TOT,MID,38,0.0,0.0,None,,Minutes risk,0,0
593,P.M.Sarr,TOT,MID,38,5.0,39.0,None,,Minutes risk,0,0
594,Min-hyeok,TOT,MID,38,0.0,0.0,None,,Minutes risk,0,0
595,Olusesi,TOT,MID,38,0.0,0.0,None,,Minutes risk,0,0
596,Solanke,TOT,FWD,38,0.0,0.0,None,,Minutes risk,0,0
597,Richarlison,TOT,FWD,38,20.0,342.0,"Goal Machine, Aerial Threat",Returns overdue,Ever-present,2,4
598,Lankshear,TOT,FWD,38,0.0,0.0,None,,Minutes risk,0,0
599,Scarlett,TOT,FWD,38,0.0,0.0,None,,Minutes risk,0,0
600,Areola,WHU,GKP,38,0.0,0.0,None,,Minutes risk,0,0
601,Foderingham,WHU,GKP,38,0.0,0.0,None,,Minutes risk,0,0
602,Hegyi,WHU,GKP,38,0.0,0.0,None,,Minutes risk,0,0
603,Diouf,WHU,DEF,38,9.0,343.0,None,,Ever-present,0,4
604,Emerson,WHU,DEF,38,0.0,0.0,None,,Minutes risk,0,0
605,Kilman,WHU,DEF,38,0.0,0.0,None,,Minutes risk,0,0
606,Mavropanos,WHU,DEF,38,14.0,360.0,The Enforcer,,Ever-present,1,4
607,N.Aguerd,WHU,DEF,38,0.0,0.0,None,,Minutes risk,0,0
608,Scarles,WHU,DEF,38,0.0,2.0,None,,Minutes risk,0,0
609,Todibo,WHU,DEF,38,1.0,115.0,None,,Minutes risk,0,2
610,Wan-Bissaka,WHU,DEF,38,4.0,177.0,None,,Minutes risk,0,2
611,Casey,WHU,DEF,38,0.0,0.0,None,,Minutes risk,0,0
612,L.Paquetá,WHU,MID,38,0.0,0.0,None,,Minutes risk,0,0
613,Souček,WHU,MID,38,8.0,332.0,Goal Machine,,,1,4
614,Ward-Prowse,BUR,MID,38,5.0,94.0,None,,Minutes risk,0,1
615,Summerville,WHU,MID,38,10.0,357.0,"Metronome, Set Piece Specialist",,Ever-present,2,4
616,Álvarez,WHU,MID,38,0.0,0.0,None,,Minutes risk,0,0
617,Cornet,WHU,MID,38,0.0,0.0,None,,Minutes risk,0,0
618,G.Rodriguez,WHU,MID,38,0.0,0.0,None,,Minutes risk,0,0
619,L.Guilherme,WHU,MID,38,0.0,0.0,None,,Minutes risk,0,0
620,Earthy,WHU,MID,38,0.0,0.0,None,,Minutes risk,0,0
621,Irving,WHU,MID,38,0.0,0.0,None,,Minutes risk,0,0
622,Orford,WHU,MID,38,0.0,0.0,None,,Minutes risk,0,0
623,Potts,WHU,MID,38,0.0,0.0,None,,Minutes risk,0,0
624,Bowen,WHU,FWD,38,18.0,357.0,"Boom or Bust, Set Piece Specialist",,Ever-present,2,4
625,Füllkrug,WHU,FWD,38,0.0,0.0,None,,Minutes risk,0,0
626,Marshall,WHU,FWD,38,0.0,0.0,None,,Minutes risk,0,0
627,Johnstone,WOL,GKP,38,0.0,0.0,None,,Minutes risk,0,0
628,José Sá,WOL,GKP,38,9.0,180.0,None,,Minutes risk,0,2
629,Bentley,WOL,GKP,38,4.0,180.0,None,,Minutes risk,0,2
630,King,EVE,GKP,38,0.0,0.0,None,,Minutes risk,0,0
631,Agbadou,WOL,DEF,38,0.0,0.0,None,,Minutes risk,0,0
632,Doherty,WOL,DEF,38,0.0,0.0,None,,Minutes risk,0,0
633,H.Bueno,WOL,DEF,38,7.0,143.0,None,,Minutes risk,0,2
634,Mosquera,WOL,DEF,38,10.0,360.0,"The Raider, The Enforcer, Aerial Threat",,Ever-present,3,4
635,R.Gomes,WOL,DEF,38,6.0,233.0,None,,Minutes risk,0,2
636,S.Bueno,WOL,DEF,38,15.0,360.0,"The Raider, Aerial Threat",One action short,Ever-present,2,4
637,Toti,WOL,DEF,38,8.0,204.0,None,,Minutes risk,0,2
638,Hoever,WOL,DEF,38,0.0,0.0,None,,Minutes risk,0,0
639,Meupiyou,WOL,DEF,38,0.0,0.0,None,,Minutes risk,0,0
640,Pedro Lima,WOL,DEF,38,4.0,124.0,None,,Minutes risk,0,2
641,Pond,WOL,DEF,38,0.0,0.0,None,,Minutes risk,0,0
642,Hee Chan,WOL,MID,38,7.0,256.0,None,One action short,,0,3
643,André,WOL,MID,38,10.0,360.0,"Ball Winner, Metronome",Under-owned,Ever-present,2,4
644,Bellegarde,WOL,MID,38,2.0,34.0,None,,Minutes risk,0,0
645,Fer López,WOL,MID,38,0.0,0.0,None,,Minutes risk,0,0
646,J.Gomes,WOL,MID,38,8.0,268.0,None,,,0,3
647,Guedes,WOL,MID,38,0.0,0.0,None,,Minutes risk,0,0
648,Munetsi,WOL,MID,38,0.0,0.0,None,,Minutes risk,0,0
649,B.Traore,WOL,MID,38,0.0,0.0,None,,Minutes risk,0,0
650,Chirewa,WOL,MID,38,0.0,0.0,None,,Minutes risk,0,0
651,Edozie,WOL,MID,38,1.0,1.0,None,,Minutes risk,0,0
652,Gonzalez,WOL,MID,38,0.0,0.0,None,,Minutes risk,0,0
653,Hodge,WOL,MID,38,0.0,0.0,None,,Minutes risk,0,0
654,Strand Larsen,CRY,FWD,38,7.0,230.0,None,,,0,3
655,Fábio Silva,WOL,FWD,38,0.0,0.0,None,,Minutes risk,0,0
656,Kalajdžić,WOL,FWD,38,0.0,0.0,None,,Minutes risk,0,0
657,Chiwome,WOL,FWD,38,0.0,0.0,None,,Minutes risk,0,0
658,Fraser,WOL,FWD,38,0.0,0.0,None,,Minutes risk,0,0
659,Walker-Peters,WHU,DEF,38,7.0,154.0,None,,Minutes risk,0,2
660,Stach,LEE,MID,38,15.0,234.0,"Shoots On Sight, Set Piece Specialist",,,2,3
661,Ekitiké,LIV,FWD,38,0.0,0.0,None,,Minutes risk,0,0
662,Mosquera,ARS,DEF,38,11.0,232.0,None,,Minutes risk,0,2
663,J.Arias,WOL,MID,38,0.0,0.0,None,,Minutes risk,0,0
664,Lecomte,FUL,GKP,38,0.0,0.0,None,,Minutes risk,0,0
665,Perri,LEE,GKP,38,0.0,0.0,None,,Minutes risk,0,0
666,Gyökeres,ARS,FWD,38,20.0,177.0,None,,Minutes risk,0,2
667,Aznou,EVE,DEF,38,0.0,0.0,None,,Minutes risk,0,0
668,Xhaka,SUN,MID,38,17.0,360.0,"Playmaker, Ball Winner, Set Piece Specialist, Deep Lying Playmaker",,Ever-present,4,4
669,Ndoye,NFO,MID,38,0.0,0.0,None,,Minutes risk,0,0
670,Roefs,SUN,GKP,38,14.0,360.0,The Last Line,Beating his xGC,Ever-present,1,4
671,Wilson,WHU,FWD,38,9.0,165.0,None,,Minutes risk,0,1
672,Hato,CHE,DEF,38,4.0,231.0,None,,,0,3
673,J.Palhinha,TOT,MID,38,21.0,338.0,"Ball Winner, Boom or Bust, Poacher",,,3,4
674,Ramsdale,NEW,GKP,38,0.0,0.0,None,,Minutes risk,0,0
675,Gunn,NFO,GKP,38,0.0,0.0,None,,Minutes risk,0,0
676,Ugochukwu,BUR,MID,38,9.0,222.0,Metronome,Under-owned,,1,3
677,Guessand,CRY,MID,38,2.0,29.0,None,,Minutes risk,0,0
678,Masuaku,SUN,DEF,38,0.0,0.0,None,,Minutes risk,0,0
679,Hermansen,WHU,GKP,38,16.0,360.0,The Last Line,,Ever-present,1,4
680,Broja,BUR,FWD,38,1.0,14.0,None,,Minutes risk,0,0
681,Šeško,MUN,FWD,38,5.0,45.0,None,,Minutes risk,0,1
682,Møller Wolfe,WOL,DEF,38,5.0,202.0,None,,Minutes risk,0,2
683,Alderete,SUN,DEF,38,13.0,202.0,The Enforcer,,,1,3
684,Thiaw,NEW,DEF,38,7.0,360.0,The Raider,One action short,Ever-present,1,4
685,Diakité,BOU,DEF,38,0.0,0.0,None,,Minutes risk,0,0
686,Ngumoha,LIV,MID,38,11.0,243.0,Metronome,,,1,3
687,Rees-Dottin,BOU,MID,38,0.0,0.0,None,,Minutes risk,0,0
688,Wright,AVL,GKP,38,0.0,0.0,None,,Minutes risk,0,0
689,Seung soo,NEW,MID,38,0.0,0.0,None,,Minutes risk,0,0
690,Cardines,CRY,MID,38,2.0,90.0,None,,Minutes risk,0,1
691,Calvert-Lewin,LEE,FWD,38,22.0,338.0,"Goal Machine, Metronome",Beating his xG,,2,4
692,Leoni,LIV,DEF,38,0.0,0.0,None,,Minutes risk,0,0
693,Hutchinson,NFO,MID,38,9.0,182.0,None,,Minutes risk,0,2
694,Mukiele,SUN,DEF,38,23.0,360.0,"The Supply Line, The Enforcer",,Ever-present,2,4
695,Tchatchoua,WOL,DEF,38,0.0,0.0,None,,Minutes risk,0,0
696,Kalimuendo,NFO,FWD,38,0.0,0.0,None,,Minutes risk,0,0
697,Adli,BOU,MID,38,3.0,33.0,None,,Minutes risk,0,0
698,Okafor,LEE,MID,38,10.0,64.0,None,,Minutes risk,0,1
699,Douglas Luiz,AVL,MID,38,4.0,83.0,None,,Minutes risk,0,1
700,Dowman,ARS,MID,38,4.0,73.0,None,,Minutes risk,0,1
701,Rowe,AVL,DEF,38,0.0,0.0,None,,Minutes risk,0,0
702,Burrowes,AVL,MID,38,0.0,0.0,None,,Minutes risk,0,0
703,Proctor,AVL,GKP,38,0.0,0.0,None,,Minutes risk,0,0
704,Onyango,EVE,MID,38,0.0,0.0,None,,Minutes risk,0,0
705,Campbell,EVE,DEF,38,0.0,0.0,None,,Minutes risk,0,0
706,Justin,LEE,DEF,38,13.0,360.0,None,,Ever-present,0,4
707,Dibling,EVE,MID,38,0.0,0.0,None,,Minutes risk,0,0
708,M.Fernandes,WHU,MID,38,19.0,360.0,Ball Winner,Under-owned,Ever-present,1,4
709,Krejčí,WOL,DEF,38,8.0,155.0,None,,Minutes risk,0,2
710,Patterson,AVL,DEF,38,0.0,0.0,None,,Minutes risk,0,0
711,Harriman-Annous,ARS,MID,38,0.0,0.0,None,,Minutes risk,0,0
712,Yeremy,CRY,MID,38,6.0,149.0,None,,Minutes risk,0,2
713,A.Jimenez,BOU,DEF,38,6.0,90.0,None,,Minutes risk,0,1
714,Woltemade,NEW,FWD,38,12.0,211.0,None,,,0,3
715,John,NFO,GKP,38,0.0,0.0,None,,Minutes risk,0,0
716,Savona,NFO,DEF,38,0.0,0.0,None,,Minutes risk,0,0
717,Xavi,TOT,MID,38,0.0,0.0,None,,Minutes risk,0,0
718,S.Magassa,WHU,MID,38,1.0,2.0,None,,Minutes risk,0,0
719,Lindelöf,AVL,DEF,38,5.0,280.0,None,,,0,4
720,Tolu,WOL,FWD,38,5.0,133.0,None,,Minutes risk,0,1
721,Milosavljević,BOU,DEF,38,0.0,0.0,None,,Minutes risk,0,0
722,Florentino,BUR,MID,38,13.0,278.0,"Ball Winner, Metronome",Under-owned,,2,3
723,Canvot,CRY,DEF,38,7.0,270.0,The Enforcer,,,1,3
724,Geertruida,SUN,DEF,38,9.0,270.0,None,,,0,3
725,Hincapie,ARS,DEF,38,3.0,108.0,None,,Minutes risk,0,1
726,Kolo Muani,TOT,FWD,38,6.0,241.0,None,,,0,3
727,Chukwueze,FUL,MID,38,5.0,135.0,None,,Minutes risk,0,2
728,Röhl,EVE,MID,38,18.0,317.0,None,Under-owned,,0,4
729,Cuiabano,NFO,DEF,38,0.0,0.0,None,,Minutes risk,0,0
730,Brobbey,SUN,FWD,38,15.0,297.0,Goal Machine,Returns overdue,,1,4
731,Kevin,FUL,MID,38,6.0,132.0,None,,Minutes risk,0,1
732,Uche,CRY,FWD,38,0.0,0.0,None,,Minutes risk,0,0
733,Lammens,MUN,GKP,38,18.0,360.0,None,,Ever-present,0,4
734,Bakwa,NFO,MID,38,11.0,162.0,None,,Minutes risk,0,2
735,Traoré,SUN,MID,38,0.0,0.0,None,,Minutes risk,0,0
736,Donnarumma,MCI,GKP,38,15.0,270.0,The Spectator,Beating his xGC,,1,3
737,Kusi-Asare,FUL,FWD,38,2.0,19.0,None,,Minutes risk,0,0
738,Fabianski,WHU,GKP,38,0.0,0.0,None,,Minutes risk,0,0
739,Mukasa,MCI,MID,38,0.0,0.0,None,,Minutes risk,0,0
740,Mfuni,MCI,DEF,38,0.0,0.0,None,,Minutes risk,0,0
741,Gray,LEE,FWD,38,0.0,0.0,None,,Minutes risk,0,0
742,McAidoo,MCI,MID,38,0.0,0.0,None,,Minutes risk,0,0
743,Emenalo,CHE,MID,38,0.0,0.0,None,,Minutes risk,0,0
744,Oriola,BHA,MID,38,0.0,0.0,None,,Minutes risk,0,0
745,Byfield,TOT,DEF,38,0.0,0.0,None,,Minutes risk,0,0
746,Morrison,LIV,MID,38,0.0,0.0,None,,Minutes risk,0,0
747,Mayers,WHU,DEF,38,0.0,0.0,None,,Minutes risk,0,0
748,Dasilva,BRE,MID,38,2.0,2.0,None,,Minutes risk,0,0
749,Mané,WOL,FWD,38,17.0,336.0,"Playmaker, Boom or Bust, Set Piece Specialist",,,3,4
750,Rowswell,TOT,DEF,38,0.0,0.0,None,,Minutes risk,0,0
751,Akhamrich,TOT,MID,38,0.0,0.0,None,,Minutes risk,0,0
752,Golambeckis,WHU,DEF,38,0.0,0.0,None,,Minutes risk,0,0
753,Ruddy,NEW,GKP,38,0.0,0.0,None,,Minutes risk,0,0
754,George Hemmings,AVL,MID,38,0.0,0.0,None,,Minutes risk,0,0
755,Lacey,MUN,MID,38,1.0,28.0,None,,Minutes risk,0,0
756,DaCosta,BOU,MID,38,0.0,0.0,None,,Minutes risk,0,0
757,Hollingshead,AVL,GKP,38,0.0,0.0,None,,Minutes risk,0,0
758,Mohamadou Kanté,WHU,MID,38,1.0,29.0,None,,Minutes risk,0,0
759,Salmon,ARS,DEF,38,0.0,0.0,None,,Minutes risk,0,0
760,Lucky,LIV,DEF,38,0.0,0.0,None,,Minutes risk,0,0
761,Simmonds,BHA,DEF,38,0.0,0.0,None,,Minutes risk,0,0
762,Drakes-Thomas,CRY,MID,38,0.0,0.0,None,,Minutes risk,0,0
763,Gray,MCI,MID,38,0.0,0.0,None,,Minutes risk,0,0
764,Heskey,MCI,MID,38,0.0,0.0,None,,Minutes risk,0,0
765,Shahar,NEW,DEF,38,0.0,0.0,None,,Minutes risk,0,0
766,Olagunju,WOL,DEF,38,0.0,0.0,None,,Minutes risk,0,0
767,Rawlings,WOL,MID,38,0.0,0.0,None,,Minutes risk,0,0
768,Leon Routh,AVL,DEF,38,0.0,0.0,None,,Minutes risk,0,0
769,Bendito Mantato,MUN,MID,38,0.0,0.0,None,,Minutes risk,0,0
770,Ridgeon,FUL,MID,38,0.0,0.0,None,,Minutes risk,0,0
771,Fletcher,MUN,MID,38,1.0,16.0,None,,Minutes risk,0,0
772,Alabi,NEW,MID,38,0.0,0.0,None,,Minutes risk,0,0
773,Benamar,CRY,DEF,38,0.0,0.0,None,,Minutes risk,0,0
774,Jenson Jones,SUN,DEF,38,0.0,0.0,None,,Minutes risk,0,0
775,Tutierov,SUN,MID,38,0.0,0.0,None,,Minutes risk,0,0
776,Pimlott,BUR,MID,38,0.0,0.0,None,,Minutes risk,0,0
777,Ojinnaka,WOL,MID,38,0.0,0.0,None,,Minutes risk,0,0
778,Sutherland,WOL,MID,38,0.0,0.0,None,,Minutes risk,0,0
779,Graham,EVE,FWD,38,0.0,0.0,None,,Minutes risk,0,0
780,Casey,CRY,FWD,38,0.0,0.0,None,,Minutes risk,0,0
781,Carroll,AVL,DEF,38,0.0,0.0,None,,Minutes risk,0,0
782,Forster,BOU,GKP,38,0.0,0.0,None,,Minutes risk,0,0
783,Groß,BHA,MID,38,13.0,360.0,"Playmaker, Metronome, Set Piece Specialist",,Ever-present,3,4
784,Brierley,BUR,MID,38,0.0,0.0,None,,Minutes risk,0,0
785,Pablo,WHU,FWD,38,5.0,185.0,None,,Minutes risk,0,2
786,McNally,FUL,GKP,38,0.0,0.0,None,,Minutes risk,0,0
787,Chambers,LEE,MID,38,0.0,0.0,None,,Minutes risk,0,0
788,Kukonki,MUN,DEF,38,0.0,0.0,None,,Minutes risk,0,0
789,Merrick,CHE,GKP,38,0.0,0.0,None,,Minutes risk,0,0
790,Williams-Barnett,TOT,MID,38,0.0,0.0,None,,Minutes risk,0,0
791,Taty,WHU,FWD,38,16.0,281.0,"Goal Machine, Poacher, Aerial Threat",Under-owned,,3,3
792,Alysson,AVL,MID,38,0.0,0.0,None,,Minutes risk,0,0
793,King,CRY,DEF,38,0.0,0.0,None,,Minutes risk,0,0
794,Alleyne,MCI,DEF,38,0.0,0.0,None,,Minutes risk,0,0
795,Howell,BHA,MID,38,0.0,0.0,None,,Minutes risk,0,0
796,Gallagher,TOT,MID,38,16.0,351.0,None,"One action short, Under-owned",Ever-present,0,4
797,Furo,BRE,FWD,38,1.0,1.0,None,,Minutes risk,0,0
798,Imray,CRY,DEF,38,0.0,0.0,None,,Minutes risk,0,0
799,Stevens,BOU,MID,38,0.0,0.0,None,,Minutes risk,0,0
800,Jocelin.T,SUN,MID,38,0.0,0.0,None,,Minutes risk,0,0
801,Tóth.A,BOU,MID,38,2.0,57.0,None,,Minutes risk,0,1
802,Lamadrid,WHU,MID,38,0.0,0.0,None,,Minutes risk,0,0
803,Sharman-Lowe,CHE,GKP,38,0.0,0.0,None,,Minutes risk,0,0
804,Souza,TOT,DEF,38,0.0,0.0,None,,Minutes risk,0,0
805,Lucca,NFO,FWD,38,1.0,7.0,None,,Minutes risk,0,0
806,Mandas,BOU,GKP,38,0.0,0.0,None,,Minutes risk,0,0
807,Rayan,BOU,MID,38,22.0,318.0,"Goal Machine, Aerial Threat",,,2,4
808,Abraham,AVL,FWD,38,1.0,59.0,None,,Minutes risk,0,1
809,Abbey,WOL,MID,38,1.0,16.0,None,,Minutes risk,0,0
810,Bentt,BRE,MID,38,0.0,0.0,None,,Minutes risk,0,0
811,Kyerematen,TOT,MID,38,0.0,0.0,None,,Minutes risk,0,0
812,Ellborg,SUN,GKP,38,0.0,0.0,None,,Minutes risk,0,0
813,Angulo,SUN,MID,38,4.0,147.0,None,,Minutes risk,0,2
814,Netz,NFO,DEF,38,8.0,282.0,None,,,0,3
815,Disasi,WHU,DEF,38,10.0,354.0,None,,Ever-present,0,4
816,Angel,WOL,MID,38,4.0,78.0,None,,Minutes risk,0,1
817,Armstrong,WOL,FWD,38,13.0,324.0,"Goal Machine, Metronome, Poacher","Returns overdue, Under-owned",,3,4
818,Wilson,TOT,FWD,38,0.0,0.0,None,,Minutes risk,0,0
819,Shield,BRE,DEF,38,0.0,0.0,None,,Minutes risk,0,0
820,McMahon-Brown,BUR,MID,38,0.0,0.0,None,,Minutes risk,0,0
821,Whittaker,SUN,MID,38,0.0,0.0,None,,Minutes risk,0,0
822,Jones,SUN,MID,38,0.0,0.0,None,,Minutes risk,0,0
823,Stephenson,BRE,DEF,38,0.0,0.0,None,,Minutes risk,0,0
824,McManus,BRE,DEF,38,0.0,0.0,None,,Minutes risk,0,0
825,Herrick,WHU,GKP,38,0.0,0.0,None,,Minutes risk,0,0
826,Owen,BRE,MID,38,0.0,0.0,None,,Minutes risk,0,0
827,Thwaites,MUN,MID,38,0.0,0.0,None,,Minutes risk,0,0
828,Brooks,WOL,GKP,38,0.0,0.0,None,,Minutes risk,0,0
829,Derry,CHE,MID,38,1.0,45.0,None,,Minutes risk,0,1
830,Wright,LIV,FWD,38,0.0,0.0,None,,Minutes risk,0,0
831,Gracey,WOL,GKP,38,0.0,0.0,None,,Minutes risk,0,0
832,Ndiaye,LIV,DEF,38,0.0,0.0,None,,Minutes risk,0,0
833,Eboué,CHE,MID,38,0.0,0.0,None,,Minutes risk,0,0
834,Kavuma-McQueen,CHE,MID,38,0.0,0.0,None,,Minutes risk,0,0
835,Whitehall,NFO,MID,38,0.0,0.0,None,,Minutes risk,0,0
836,Sinclair,NFO,MID,38,0.0,0.0,None,,Minutes risk,0,0
837,Lienou,LEE,DEF,38,0.0,0.0,None,,Minutes risk,0,0
838,Chadwick,LEE,MID,38,0.0,0.0,None,,Minutes risk,0,0
839,Cresswell,LEE,MID,38,0.0,0.0,None,,Minutes risk,0,0
840,Mheuka,CHE,FWD,38,1.0,1.0,None,,Minutes risk,0,0
841,Sillah,NFO,FWD,38,0.0,0.0,None,,Minutes risk,0,0
